CountryName,f0_,avg_latitude,avg_longitude,avg_minrtt,median_minrtt,avg_meanthroughputmbps,avg_lossraate,MostRecentTestTime,LeastRecentTestTime,TestSpanDays,count_measurements
Saint Barthélemy,BL,17.8833,-62.85,134.93620255102027,132.1165,27.552122849819302,0.043055837218878588,2023-09-27 01:50:00.839420 UTC,2022-08-13 03:41:17.271398 UTC,409,1960
Mozambique,MZ,-25.9707,32.601,2519.6784596568668,335.414,10.958221422520763,0.02695271949455558,2023-09-30 20:59:18.952915 UTC,2022-11-07 16:08:17.713719 UTC,327,5887
Ireland,IE,53.33793570771374,-6.2591,266.231519182853,39.441,45.31934787429028,0.019970964992041276,2023-09-30 23:45:58.521075 UTC,2022-02-18 01:34:38.985168 UTC,589,96727
New Zealand,NZ,-36.850659357114296,174.76792942489439,394.10710300095133,31.6635,47.718611919417455,0.016300279113670553,2023-09-30 23:56:56.569020 UTC,2022-03-11 01:38:11.383274 UTC,568,195338
Italy,IT,41.8904,12.5126,372.97687698810023,55.771,40.33206294180259,0.022616294507445341,2023-09-30 23:46:50.405364 UTC,2022-03-17 08:27:57.456911 UTC,562,209622
Czechia,CZ,50.085920942635653,14.439421302325625,324.39840303876031,44.779,41.2389628072941,0.020581504879718118,2023-09-30 19:26:47.366487 UTC,2022-03-17 03:00:03.412668 UTC,562,16125
Nigeria,NG,6.4474,3.3903,760.364386323843,27.031,30.7299397327238,0.018698365054253673,2023-09-30 23:33:19.307125 UTC,2022-11-19 17:40:19.674106 UTC,315,54255
Austria,AT,48.203877671595819,16.366779017857152,504.3000483398439,44.617000000000004,44.955894143707887,0.019287467451467675,2023-09-30 22:02:17.620788 UTC,2022-03-17 06:41:31.388423 UTC,562,28672
Finland,FI,60.1797,24.9344,83.066454545454533,82.364,30.674564528933697,0.030069424231477772,2023-09-25 13:35:36.085785 UTC,2023-08-10 10:47:26.397690 UTC,46,22
Guadeloupe,GP,15.996780154639186,-61.726785309278384,135.71737989690726,135.1285,30.56908334165227,0.023014151918070221,2023-09-29 23:37:21.340270 UTC,2022-10-04 21:59:17.794937 UTC,360,1940
Belgium,BE,50.852251266312727,4.3462865229111269,53.272174428224233,42.715,48.466318981408,0.018863397481241006,2023-09-30 22:25:15.607575 UTC,2022-03-17 05:13:01.121159 UTC,562,37471
Spain,ES,40.4163,-3.6934,199.64796024989954,30.54,46.065965540117389,0.019836617085054711,2023-09-30 23:48:01.921222 UTC,2022-04-02 05:54:04.823300 UTC,546,111245
Slovenia,SI,46.051269230769236,14.510623076923075,70.252461538461546,62.049,29.190433802101289,0.071956091365283331,2023-08-11 18:33:41.954075 UTC,2022-09-04 10:25:30.101508 UTC,341,26
Greece,GR,37.9842,23.7353,94.01789182493809,91.708,47.834861288525033,0.02651637845791778,2023-09-30 15:15:54.038890 UTC,2022-05-30 17:01:39.214631 UTC,487,1211
Germany,DE,52.5196,13.4069,373.60112124848496,39.424,42.863626451721032,0.017336625221992981,2023-09-30 23:34:20.352202 UTC,2022-02-09 07:23:57.840344 UTC,598,261661
France,FR,48.8323,2.4075,456.44417490341408,47.322,43.908569753342057,0.019205629936230071,2023-09-30 23:43:04.047365 UTC,2022-02-09 16:01:15.903327 UTC,598,288342
United Kingdom,GB,51.511798414542561,-0.093713857047287782,258.03105204438782,28.903,46.597631247595928,0.015739072691466339,2023-09-30 23:59:31.500997 UTC,2022-02-02 08:52:06.226056 UTC,605,1067262
Switzerland,CH,47.3682,8.5671,43.259238805970135,41.7185,41.865149922864639,0.011422970270303253,2023-09-30 21:34:55.331082 UTC,2023-06-06 17:09:25.561369 UTC,116,134
United States,US,38.91418414781041,-98.687756943113854,288.92371278632862,32.217,29.291921263279555,0.022520335498493346,2023-09-30 23:59:48.544697 UTC,2021-06-30 02:29:10.036432 UTC,822,10685710
Indonesia,ID,-6.2114,106.8446,80.659384615384624,66.047,33.535869763662554,0.02023978255605733,2023-09-29 12:53:10.706538 UTC,2023-02-17 02:23:19.570028 UTC,224,403
Canada,CA,45.796897313832318,-89.9610761631926,341.64532500999837,47.543,33.4471918239175,0.023304218797185035,2023-09-30 23:59:28.842765 UTC,2021-09-19 04:07:02.760988 UTC,741,2767921
Netherlands,NL,52.375474537927857,4.8965897090548651,550.85939694478213,40.927,39.326220970503726,0.0228342588884689,2023-09-30 20:27:29.029281 UTC,2022-03-17 11:08:32.356560 UTC,562,17151
Dominican Republic,DO,18.463928571428614,-69.889357142857207,68.98519361820982,64.7645,30.326412526470893,0.030969679628479914,2023-09-30 22:21:43.373807 UTC,2022-08-14 01:50:30.778199 UTC,412,14322
Kenya,KE,-1.2841,36.8155,905.67519622416762,254.77,10.912092169425666,0.034841646962111741,2023-09-30 23:23:12.600053 UTC,2023-04-17 09:58:15.225784 UTC,166,6727
Japan,JP,35.6893,139.6899,283.09556200193975,45.839,42.453626661812095,0.018685546656519322,2023-09-30 23:59:43.054371 UTC,2022-10-04 02:02:38.306537 UTC,361,50571
Bulgaria,BG,42.6951,23.325,84.241808823529382,81.5745,31.584596690633635,0.022847603138953235,2023-09-30 12:00:43.648428 UTC,2022-09-18 06:50:30.381137 UTC,377,204
Poland,PL,52.2296,21.0067,59.420967285588006,55.8,31.004720022333053,0.026114173235533927,2023-09-30 19:38:20.873389 UTC,2022-09-15 11:41:52.798746 UTC,380,1131
Singapore,SG,1.2929,103.8547,50.0559090909091,55.842,58.133947170883204,0.041292121118650431,2023-09-20 07:52:42.531820 UTC,2023-09-13 09:05:54.653463 UTC,6,11
Brazil,BR,-23.5335,-46.6359,681.96851685810623,43.834,28.578545619694502,0.0280076163207319,2023-09-30 23:58:55.585534 UTC,2021-12-12 22:36:56.948501 UTC,657,884291
Australia,AU,-33.597632455027977,149.47253984520043,491.75547869901732,39.794,40.355889501177657,0.020163011484444913,2023-09-30 23:59:44.885543 UTC,2022-03-11 05:03:05.982105 UTC,568,1287899
Chile,CL,-33.451665168397319,-70.659959412189224,584.80805790518309,45.631,30.875440190632084,0.024533332691627795,2023-09-30 23:56:18.038472 UTC,2022-03-17 04:18:35.540836 UTC,562,110750
Philippines,PH,14.6019,120.9896,592.32335182042289,46.299,23.640256404189657,0.027953133068793181,2023-09-30 23:59:25.978683 UTC,2022-12-07 05:01:34.287516 UTC,297,221488
Colombia,CO,4.6131321509594709,-74.0825007620686,1111.5071119411441,53.073,23.649111044935967,0.036603843854465933,2023-09-30 23:22:07.039520 UTC,2022-08-05 04:16:44.571483 UTC,421,79783
Puerto Rico,PR,18.3861,-66.0434,74.2105689907362,68.303,42.044257456112611,0.02313498076864556,2023-09-30 22:16:13.250928 UTC,2022-04-23 15:12:38.721225 UTC,525,2051
Peru,PE,-12.043276966093833,-77.028551157803022,431.86297866275885,46.824,23.730363790358965,0.033977194722598504,2023-09-30 23:34:12.219679 UTC,2022-12-22 15:28:44.049524 UTC,282,36837
Norway,NO,59.8868847414879,10.789443253467834,74.072195145018966,62.369,34.144742437188881,0.02400774554908235,2023-09-30 18:45:12.948025 UTC,2022-09-02 12:00:15.848524 UTC,393,3172
Sweden,SE,59.3287,18.0717,4735.2939278741751,62.249,39.349842938153309,0.021941144310317361,2023-09-30 15:05:23.866326 UTC,2022-04-10 16:59:16.082596 UTC,537,1844
Mexico,MX,19.437633820572106,-99.139790711058978,1029.7151892003162,83.438,18.933124482497082,0.035262535037614645,2023-09-30 23:58:15.915775 UTC,2022-02-24 05:21:15.201773 UTC,583,646500
Portugal,PT,38.746821159959573,-9.1209068853567352,348.73180649306812,42.2495,44.391139535999955,0.020636986922679814,2023-09-30 22:59:42.162810 UTC,2022-04-02 10:28:20.225748 UTC,546,29570
Martinique,MQ,14.606836622533111,-61.072893429927518,1212.5290675743186,137.512,31.535116499584813,0.029093829793350349,2023-09-30 18:48:41.175531 UTC,2022-10-11 21:49:32.437311 UTC,353,8006